stage,activity,default_owner,agent_may_do,human_required_when,evidence_or_gate,rollback_path
Discovery,Problem selection,Human,"Cluster observations and draft problem statements","Always: choosing which problem deserves investment","Named user evidence and falsifiable problem hypothesis","Archive candidate; no build started"
Discovery,Market research,Agent,"Collect sources and summarize alternatives","Evidence conflicts or legal/licensing ambiguity","Source list with dates and claim-level citations","Discard unsupported claims"
Planning,Product specification,Shared,"Draft structured features dependencies and acceptance criteria","Ambiguous user outcome or irreversible scope choice","Human-approved problem outcome and constraints","Versioned spec rollback"
Architecture,Technical design,Shared,"Propose options and document tradeoffs","Breaking API security boundary data migration or vendor lock-in","Architecture decision record and threat review","Revert decision commit"
Implementation,Code and unit tests,Agent,"Edit code run tests commit checkpoints and open a PR","Sandbox escape secret access destructive migration or scope growth over 20%","CI passes and implementation maps to acceptance criteria","Revert checkpoint or close PR"
Verification,Spec compliance,Agent,"Compare implementation with spec and report mismatches","Score below threshold or test evidence is incomplete","Compliance score at least 0.90 in pilot design","Return to planner with mismatch report"
Cost,Token and tool spend,Agent,"Track cost per feature and idea","Feature exceeds EUR 10 idea exceeds EUR 50 or loop count exceeds 3","Cost ledger and circuit-breaker event","Pause queue and require explicit override"
Release,Merge and production deployment,Human,"Prepare release notes deployment plan and rollback checks","Always for production until separately authorized and proven safe","Human review CI security checks and rollback readiness","Revert release or restore previous version"
Operations,Post-implementation review,Shared,"Summarize incidents clarifications rework and cost","Metrics regress or a new failure mode appears","Recorded outcome and updated spec template","Tighten boundary or disable automation"
